{"DBQ": "C:\\Users\\simmsk\\Desktop\\COMBDb_Test_fe.accdb", "PrefixToAerobic": {"AS": "Alpha-Hemolytic Streptococcus", "BA": "Beta-Hemolytic Streptococcus Group A", "BS": "Beta-Hemolytic Streptococcus", "CA": "Candida Albicans", "CN": "Candida Non-Albicans", "CS": "CON Staphylococcus", "EC": "Enterococcus", "EP": "Enteric Pathogens", "PM": "Pseudomonas"}, "PrefixToAnaerobic": {"AA": "Actinobacillus Actinomycetemcomitians", "BF": "Bacteriodes Fragilis", "BU": "Bacteriodes Ureolyticus Groups", "CW": "Campylobacter / Wolinella", "CC": "Capnocytophaga SPP", "EN": "Eiknella Corrodens", "FN": "Fusobacterium Nucleatum", "PS": "Peptostreptococcus SP", "PG": "Porphyromonas Gingivalis", "PI": "Prevotella Intermedia", "TF": "Tannerella Forsythus"}, "PrefixToAntibiotics": {"AMC": "Amoxicillin / Clavulanate", "AMP": "Ampicillin", "CC": "Clindamycin", "CEP": "Cephalothin", "CIP": "Ciprofloxacin", "DOR": "Doripenem", "ERY": "Erythromycin", "GM": "Gentamicin", "LZD": "Linezolid", "MET": "Metronidazole", "PEN": "Penicillin", "SXT": "Trimethoprim-Sulfamethoxazole", "TET": "Tetracycline"}, "PrefixToB-Lac": {"P": "Beta Lactomase Detected", "N": "Beta Lactomase Not Detected"}, "PrefixToGrowth": {"NI": "Not Isolated", "L": "Light", "M": "Moderate", "H": "Heavy"}, "PrefixToSusceptibility": {"S": "Susceptible", "I": "Intermediate", "R": "Resistant"}}